Organization,Followed On
Generative AI,Tue Oct 28 22:10:27 UTC 2025
NVIDIA,Tue Oct 28 22:10:25 UTC 2025
Revolut,Tue Oct 28 22:10:24 UTC 2025
Databricks,Tue Oct 28 22:10:19 UTC 2025
DeepLearning.AI,Tue Oct 28 22:10:11 UTC 2025
TryHackMe,Tue Oct 28 22:10:08 UTC 2025
bolt.new,Sat Sep 06 14:22:21 UTC 2025
Vercel,Sat Sep 06 14:22:02 UTC 2025
Lovable,Sat Sep 06 14:21:24 UTC 2025
Replit,Mon Jun 09 13:54:12 UTC 2025
OpenAI,Sat May 24 11:01:18 UTC 2025
Anthropic,Sat May 24 11:01:14 UTC 2025
MicroStrategy (now Strategy),Fri Feb 14 07:59:48 UTC 2025
Tectum Blockchain,Mon Dec 30 19:02:32 UTC 2024
Perplexity,Sun Nov 10 00:43:28 UTC 2024
Global Digital Payment,Sat Sep 07 00:31:31 UTC 2024
Tetra Gold,Sat Sep 07 00:29:13 UTC 2024
CryptoRecruit,Thu Sep 05 01:04:48 UTC 2024
Bybit,Thu Sep 05 01:04:46 UTC 2024
Strategy,Sat Aug 03 00:58:03 UTC 2024
Index Ventures,Wed Jul 17 21:56:56 UTC 2024
Citadel Securities,Wed Jul 17 21:56:50 UTC 2024
LearnKube,Wed Jul 10 23:43:57 UTC 2024
Sequoia Capital,Mon Jul 08 23:40:03 UTC 2024
Cybersecurity and Infrastructure Security Agency,Mon Jul 08 21:04:44 UTC 2024
Bridgewater Associates,Sat Jul 06 20:06:54 UTC 2024
Citadel,Sat Jul 06 20:06:33 UTC 2024
Decrypt,Thu Jul 04 23:25:32 UTC 2024
Fidelity Digital Assets,Thu Jul 04 01:58:45 UTC 2024
Robinhood,Tue Jul 02 20:53:34 UTC 2024
Amber Group,Mon Jul 01 20:03:39 UTC 2024
Bitwise Asset Management,Mon Jul 01 20:01:49 UTC 2024
Fidelity Investments,Mon Jul 01 20:00:21 UTC 2024
Software Development,Thu Jul 11 00:04:00 UTC 2024
Polychain Capital,Mon Jul 01 20:03:20 UTC 2024
BlackRock,Mon Jul 01 20:00:09 UTC 2024
Pantera Capital,Mon Jul 01 20:01:10 UTC 2024
Andreessen Horowitz,Mon Jul 08 23:36:30 UTC 2024
Bytus Technologies,Tue Jul 09 23:35:21 UTC 2024
Kraken,Fri Jul 05 21:37:30 UTC 2024
Blockchain Company,Sun Oct 27 16:53:28 UTC 2024
Coinbase,Fri Jul 05 21:34:58 UTC 2024
Hack The Box,Thu Jul 11 22:48:03 UTC 2024